timestamp,machine,vibration_mm_s,temperature_c,status
2026-10-04T11:19:00+05:30,Machine A,1.2,42,Running
2026-10-04T11:20:00+05:30,Machine A,1.3,43,Running
2026-10-04T11:21:00+05:30,Machine A,1.4,44,Running
2026-10-04T11:22:00+05:30,Machine A,1.5,45,Running
2026-10-04T11:23:00+05:30,Machine A,2.2,47,Running
2026-10-04T11:24:00+05:30,Machine A,2.9,49,Running
2026-10-04T11:25:00+05:30,Machine A,3.8,53,Running
2026-10-04T11:26:00+05:30,Machine A,5.2,57,Running
2026-10-04T11:27:00+05:30,Machine A,6.6,63,Running
2026-10-04T11:28:00+05:30,Machine A,8.1,69,Running
2026-10-04T11:29:00+05:30,Machine A,8.9,74,Running
2026-10-04T11:30:00+05:30,Machine A,0,73,Stopped
